Trainer, 1, Marco, Buttice, Herren
Spieler, 2, Yannick, Errai, Herren, TW, 0
Spieler, 3, Sebastian, Schleweck, Herren, IV, 3
Spieler, 4, Florian, Hecker, Herrem, ZM , 6
Spieler, 5, Tim, Groetzinger ,Herrem, LV, 0
Trainer, 6, Manuel ,Lutz, Herren
Spieler, 7, Desmound , Ibuwichi , Herren, ST , 17
Spieler, 8, Florian, Dimmer, Herren2,RM , 1
Spieler ,9, Aleks , Ostoic, Herren2, ZM , 0
Spieler, 10, Raffa , Di Muccio, Herren , ST , 12
Spieler, 11, Nick , Egenlauf, Herren2 , LF , 4
Spieler, 12, Valentin , Rademann, Herren2 , LM , 0
Spieler, 13, Glenn , Haeusler, A-Jugend , LM , 2
Spieler, 14, Lucas , Falco, A-Jugend , LV , 0
Spieler, 15, Lukas , Voeller, Herren , ZM , 3
Spieler, 16, Tobias , Karigus, Herren2 , IV , 0
Spieler, 17, Fabio , Frisco, Herren , ZM , 6
Trainer, 18, Antonio , Vasallo, Herren2
Trainer, 19, Sebastian, Plutasch, Herren2
Spieler, 20, Armin, Bauer, Herren2, RV, 1
Spieler, 21, Axel , Gehweiler, A-Jugend,RV,0 
Trainer, 22, Franco , Lombardi, A-Jugend
Spieler, 23, Bilal , Oezbek, Herren2 , ST , 10
Spieler, 24, Leon , Thumm, Herren , IV , 0
Spieler, 25, Luka , Hock, Herren , LM , 2
Spieler, 26, Silas , Reischer, A-Jugend , LM , 0
Spieler, 27, Danny , Schweizer, A-Jugend , ST , 0
Spieler, 28, Sebastian , Utz, Herren , LV , 0
Spieler, 29, Ramon , Haug, Herren2 , IV , 0
Spieler, 30, Marvin , Epple, Herren2 , ST , 4